App,Category,Rating,Reviews,Size,Installs,Type,Price,Content_Rating,Genres,Last Updated,Current Ver,Android Ver,id
Gloomhaven,Strategy,4.40995,37098,120,37098,Strategy,2017,Strategy,Strategy,1-Jan-00,4,14,1
Pandemic Legacy: Season 1,Strategy,4.310145,38384,60,38384,Strategy,2015,Strategy,Strategy,2-Jan-00,4,13,2
Brass: Birmingham,Strategy,4.319065,14568,120,14568,Strategy,2018,Strategy,Strategy,2-Jan-00,4,14,3
Terraforming Mars,Strategy,4.21543,57395,120,57395,Strategy,2016,Strategy,Strategy,1-Jan-00,5,12,4
Twilight Imperium (Fourth Edition),Strategy,4.34393,11482,480,11482,Strategy,2017,Strategy,Strategy,3-Jan-00,6,14,5
Through the Ages: A New Story of Civilization,Strategy,4.22661,21064,120,21064,Strategy,2015,Strategy,Strategy,2-Jan-00,4,14,6
Gaia Project,Strategy,4.24873,14291,150,14291,Strategy,2017,Strategy,Strategy,1-Jan-00,4,12,7
Star Wars: Rebellion,Strategy,4.210935,21100,240,21100,Strategy,2016,Strategy,Strategy,2-Jan-00,4,14,8
Twilight Struggle,Strategy,4.15105,38886,180,38886,Strategy,2005,Strategy,Strategy,2-Jan-00,2,13,9
Great Western Trail,Strategy,4.14526,26390,150,26390,Strategy,2016,Strategy,Strategy,2-Jan-00,4,12,10
Scythe,Strategy,4.12448,52527,115,52527,Strategy,2016,Strategy,Strategy,1-Jan-00,5,14,11
War of the Ring: Second Edition,Thematic,4.23386,12448,180,12448,Thematic,2012,Thematic,Thematic,2-Jan-00,4,13,12
Spirit Island,Strategy,4.160405,20776,120,20776,Strategy,2017,Strategy,Strategy,1-Jan-00,4,13,13
The Castles of Burgundy,Strategy,4.065625,43541,90,43541,Strategy,2011,Strategy,Strategy,2-Jan-00,4,12,14
Terra Mystica,Strategy,4.079125,37287,150,37287,Strategy,2012,Strategy,Strategy,2-Jan-00,5,12,15
7 Wonders Duel,Strategy,4.051555,53541,30,53541,Strategy,2015,Strategy,Strategy,2-Jan-00,2,10,16
Concordia,Strategy,4.05927,25724,100,25724,Strategy,2013,Strategy,Strategy,2-Jan-00,5,13,17
Brass: Lancashire,Strategy,4.0795,18149,120,18149,Strategy,2007,Strategy,Strategy,2-Jan-00,4,14,18
Arkham Horror: The Card Game,Thematic,4.09439,25078,120,25078,Thematic,2016,Thematic,Thematic,1-Jan-00,2,14,19
Wingspan,Strategy,4.05566,32808,70,32808,Strategy,2019,Strategy,Strategy,1-Jan-00,5,10,20
Viticulture Essential Edition,Strategy,4.04861,25752,90,25752,Strategy,2015,Strategy,Strategy,1-Jan-00,6,13,21
A Feast for Odin,Strategy,4.09104,15442,120,15442,Strategy,2016,Strategy,Strategy,1-Jan-00,4,12,22
The 7th Continent,Thematic,4.127425,14958,1000,14958,Thematic,2017,Thematic,Thematic,1-Jan-00,4,14,23
Orléans,Strategy,4.04241,20196,90,20196,Strategy,2014,Strategy,Strategy,2-Jan-00,4,12,24
Mage Knight Board Game,Strategy,4.051215,26612,240,26612,Strategy,2011,Strategy,Strategy,1-Jan-00,4,14,25
Puerto Rico,Strategy,4.003065,61164,150,61164,Strategy,2002,Strategy,Strategy,3-Jan-00,5,12,26
Caverna: The Cave Farmers,Strategy,4.016825,26745,210,26745,Strategy,2013,Strategy,Strategy,1-Jan-00,7,12,27
Food Chain Magnate,Strategy,4.07773,12730,240,12730,Strategy,2015,Strategy,Strategy,2-Jan-00,5,14,28
Agricola,Strategy,3.97949,61565,150,61565,Strategy,2007,Strategy,Strategy,1-Jan-00,5,12,29
Nemesis,Thematic,4.218355,9279,180,9279,Thematic,2018,Thematic,Thematic,1-Jan-00,5,12,30
Mansions of Madness: Second Edition,Thematic,4.041065,22580,180,22580,Thematic,2016,Thematic,Thematic,1-Jan-00,5,14,31
Blood Rage,Strategy,4.00117,31466,90,31466,Strategy,2015,Strategy,Strategy,2-Jan-00,4,14,32
Pandemic Legacy: Season 2,Strategy,4.090265,10614,60,10614,Strategy,2017,Strategy,Strategy,2-Jan-00,4,14,33
Root,Strategy,4.03997,18949,90,18949,Strategy,2018,Strategy,Strategy,2-Jan-00,4,10,34
Kingdom Death: Monster,Thematic,4.35145,7127,180,7127,Thematic,2015,Thematic,Thematic,1-Jan-00,4,17,35
Power Grid,Strategy,3.933445,54426,120,54426,Strategy,2004,Strategy,Strategy,2-Jan-00,6,12,36
Tzolk'in: The Mayan Calendar,Strategy,3.953585,28793,90,28793,Strategy,2012,Strategy,Strategy,2-Jan-00,4,13,37
Mechs vs. Minions,Strategy,4.033005,13208,120,13208,Strategy,2016,Strategy,Strategy,2-Jan-00,4,14,38
Star Wars: Imperial Assault,Thematic,4.017805,19395,120,19395,Thematic,2014,Thematic,Thematic,1-Jan-00,5,14,39
Everdell,Strategy,4.030845,14489,80,14489,Strategy,2018,Strategy,Strategy,1-Jan-00,4,13,40
Through the Ages: A Story of Civilization,Strategy,3.97461,17686,120,17686,Strategy,2006,Strategy,Strategy,2-Jan-00,4,12,41
Clans of Caledonia,Strategy,4.011555,13188,120,13188,Strategy,2017,Strategy,Strategy,1-Jan-00,4,12,42
Le Havre,Strategy,3.936115,25444,150,25444,Strategy,2008,Strategy,Strategy,1-Jan-00,5,12,43
Eclipse,Strategy,3.95345,25550,180,25550,Strategy,2011,Strategy,Strategy,2-Jan-00,6,14,44
Azul,Family,3.92304,46250,45,46250,Family,2017,Family,Family,2-Jan-00,4,8,45
The Voyages of Marco Polo,Strategy,3.95132,18675,100,18675,Strategy,2015,Strategy,Strategy,2-Jan-00,4,12,46
Robinson Crusoe: Adventures on the Cursed Island,Thematic,3.930435,31776,120,31776,Thematic,2012,Thematic,Thematic,1-Jan-00,4,14,47
Anachrony,Strategy,4.04007,10142,120,10142,Strategy,2017,Strategy,Strategy,1-Jan-00,4,15,48
Android: Netrunner,Uncategorized,3.938665,26004,45,26004,Uncategorized,2012,Uncategorized,Uncategorized,2-Jan-00,2,14,49
Underwater Cities,Strategy,4.058,7590,150,7590,Strategy,2018,Strategy,Strategy,1-Jan-00,4,12,50
7 Wonders,Strategy,3.880245,79873,30,79873,Strategy,2010,Strategy,Strategy,2-Jan-00,7,10,51
Race for the Galaxy,Strategy,3.88025,44585,60,44585,Strategy,2007,Strategy,Strategy,2-Jan-00,4,12,52
The Gallerist,Strategy,4.01656,8933,150,8933,Strategy,2015,Strategy,Strategy,1-Jan-00,4,13,53
Fields of Arle,Strategy,4.046305,7416,120,7416,Strategy,2014,Strategy,Strategy,1-Jan-00,2,13,54
Dominant Species,Strategy,3.92315,17365,240,17365,Strategy,2010,Strategy,Strategy,2-Jan-00,6,14,55
Keyflower,Strategy,3.91107,18071,120,18071,Strategy,2012,Strategy,Strategy,2-Jan-00,6,12,56
Too Many Bones,Strategy,4.224185,4884,120,4884,Strategy,2017,Strategy,Strategy,1-Jan-00,4,12,57
Five Tribes,Strategy,3.889315,30359,80,30359,Strategy,2014,Strategy,Strategy,2-Jan-00,4,13,58
Lords of Waterdeep,Strategy,3.878065,43734,120,43734,Strategy,2012,Strategy,Strategy,2-Jan-00,5,12,59
Teotihuacan: City of Gods,Strategy,3.98275,10773,120,10773,Strategy,2018,Strategy,Strategy,1-Jan-00,4,14,60
Clank!: A Deck-Building Adventure,Strategy,3.903355,24714,60,24714,Strategy,2016,Strategy,Strategy,2-Jan-00,4,12,61
Caylus,Strategy,3.891435,26181,150,26181,Strategy,2005,Strategy,Strategy,2-Jan-00,5,12,62
Maracaibo,Strategy,4.16676,4717,120,4717,Strategy,2019,Strategy,Strategy,1-Jan-00,4,12,63
Marvel Champions: The Card Game,Uncategorized,4.12149,6686,90,6686,Uncategorized,2019,Uncategorized,Uncategorized,1-Jan-00,4,14,64
Lisboa,Strategy,4.0877,5935,120,5935,Strategy,2017,Strategy,Strategy,1-Jan-00,4,12,65
El Grande,Strategy,3.88045,22865,120,22865,Strategy,1995,Strategy,Strategy,2-Jan-00,5,12,66
Twilight Imperium (Third Edition),Strategy,3.92368,17989,240,17989,Strategy,2005,Strategy,Strategy,3-Jan-00,6,14,67
Crokinole,Family,3.93287,11249,30,11249,Family,1876,Family,Family,2-Jan-00,4,8,68
Agricola (Revised Edition),Strategy,4.029865,7991,120,7991,Strategy,2016,Strategy,Strategy,1-Jan-00,4,12,69
Rising Sun,Strategy,3.95183,14446,120,14446,Strategy,2018,Strategy,Strategy,3-Jan-00,5,14,70
Eldritch Horror,Thematic,3.910625,27746,240,27746,Thematic,2013,Thematic,Thematic,1-Jan-00,8,14,71
Mombasa,Strategy,3.949985,10360,150,10360,Strategy,2015,Strategy,Strategy,2-Jan-00,4,12,72
Dominion: Intrigue,Strategy,3.86355,29221,30,29221,Strategy,2009,Strategy,Strategy,2-Jan-00,4,13,73
Aeon's End,Strategy,4.00801,8732,60,8732,Strategy,2016,Strategy,Strategy,1-Jan-00,4,14,74
Battlestar Galactica: The Board Game,Thematic,3.871115,32011,180,32011,Thematic,2008,Thematic,Thematic,3-Jan-00,6,14,75
The Quacks of Quedlinburg,Family,3.89745,16817,45,16817,Family,2018,Family,Family,2-Jan-00,4,10,76
Architects of the West Kingdom,Strategy,3.922965,13849,80,13849,Strategy,2018,Strategy,Strategy,1-Jan-00,5,12,77
Troyes,Strategy,3.88119,17610,90,17610,Strategy,2010,Strategy,Strategy,2-Jan-00,4,12,78
Patchwork,Family,3.833635,42301,30,42301,Family,2014,Family,Family,2-Jan-00,2,8,79
Codenames,Party,3.81903,62582,15,62582,Party,2015,Party,Party,2-Jan-00,8,14,80
Russian Railroads,Strategy,3.88915,14047,120,14047,Strategy,2013,Strategy,Strategy,2-Jan-00,4,12,81
On Mars,Strategy,4.17732,4259,150,4259,Strategy,2020,Strategy,Strategy,1-Jan-00,4,14,82
Raiders of the North Sea,Strategy,3.89966,13962,80,13962,Strategy,2015,Strategy,Strategy,2-Jan-00,4,12,83
Roll for the Galaxy,Strategy,3.84365,24804,45,24804,Strategy,2014,Strategy,Strategy,2-Jan-00,5,13,84
Tigris & Euphrates,Strategy,3.84826,24654,90,24654,Strategy,1997,Strategy,Strategy,2-Jan-00,4,12,85
Sherlock Holmes Consulting Detective: The Thames Murders & Other Cases,Thematic,3.877755,16027,120,16027,Thematic,1982,Thematic,Thematic,1-Jan-00,8,13,86
Trajan,Strategy,3.885115,14139,120,14139,Strategy,2011,Strategy,Strategy,2-Jan-00,4,12,87
The Crew: The Quest for Planet Nine,Strategy,4.03156,5946,20,5946,Strategy,2019,Strategy,Strategy,2-Jan-00,5,10,88
Dominion,Strategy,3.813355,74959,30,74959,Strategy,2008,Strategy,Strategy,2-Jan-00,4,13,89
Paladins of the West Kingdom,Strategy,4.051405,5677,120,5677,Strategy,2019,Strategy,Strategy,1-Jan-00,4,12,90
Pandemic,Strategy,3.807835,96241,45,96241,Strategy,2008,Strategy,Strategy,2-Jan-00,4,8,91
Pandemic: Iberia,Strategy,3.97007,7775,45,7775,Strategy,2016,Strategy,Strategy,2-Jan-00,5,8,92
Grand Austria Hotel,Strategy,3.899375,11032,120,11032,Strategy,2015,Strategy,Strategy,2-Jan-00,4,12,93
Kemet,Strategy,3.861445,15479,120,15479,Strategy,2012,Strategy,Strategy,2-Jan-00,5,13,94
Champions of Midgard,Strategy,3.892255,12075,90,12075,Strategy,2015,Strategy,Strategy,2-Jan-00,4,10,95
Lorenzo il Magnifico,Strategy,3.944485,8007,120,8007,Strategy,2016,Strategy,Strategy,2-Jan-00,4,12,96
The Lord of the Rings: Journeys in Middle-earth,Thematic,4.049045,6697,120,6697,Thematic,2019,Thematic,Thematic,1-Jan-00,5,14,97
Yokohama,Strategy,3.932525,7954,90,7954,Strategy,2016,Strategy,Strategy,2-Jan-00,4,14,98
Star Wars: X-Wing Miniatures Game,Uncategorized,3.85282,22463,45,22463,Uncategorized,2012,Uncategorized,Uncategorized,2-Jan-00,2,14,99
Forbidden Stars,Strategy,3.983495,7113,180,7113,Strategy,2015,Strategy,Strategy,2-Jan-00,4,14,100
Clank! In! Space!: A Deck-Building Adventure,Strategy,3.937705,7914,90,7914,Strategy,2017,Strategy,Strategy,2-Jan-00,4,12,101
Stone Age,Strategy,3.787705,43051,90,43051,Strategy,2008,Strategy,Strategy,2-Jan-00,4,10,102
Alchemists,Strategy,3.840165,17274,120,17274,Strategy,2014,Strategy,Strategy,2-Jan-00,4,13,103
Inis,Strategy,3.89378,11385,90,11385,Strategy,2016,Strategy,Strategy,2-Jan-00,4,14,104
Descent: Journeys in the Dark (Second Edition),Thematic,3.85042,21859,120,21859,Thematic,2012,Thematic,Thematic,1-Jan-00,5,14,105
Decrypto,Party,3.893235,9672,45,9672,Party,2018,Party,Party,3-Jan-00,8,12,106
Dead of Winter: A Crossroads Game,Thematic,3.79977,37607,120,37607,Thematic,2014,Thematic,Thematic,2-Jan-00,5,13,107
Star Realms,Strategy,3.795635,33905,20,33905,Strategy,2014,Strategy,Strategy,2-Jan-00,2,12,108
Legendary Encounters: An Alien Deck Building Game,Thematic,3.89034,10640,60,10640,Thematic,2014,Thematic,Thematic,1-Jan-00,5,17,109
Istanbul,Strategy,3.795545,23682,60,23682,Strategy,2014,Strategy,Strategy,2-Jan-00,5,10,110
Clank! Legacy: Acquisitions Incorporated,Thematic,4.433665,2138,120,2138,Thematic,2019,Thematic,Thematic,2-Jan-00,4,13,111
Endeavor: Age of Sail,Strategy,4.02498,5415,90,5415,Strategy,2018,Strategy,Strategy,2-Jan-00,5,13,112
War of the Ring,Thematic,3.885305,9772,120,9772,Thematic,2004,Thematic,Thematic,2-Jan-00,4,12,113
Ticket to Ride: Europe,Family,3.775475,54799,60,54799,Family,2005,Family,Family,2-Jan-00,5,8,114
Vinhos Deluxe Edition,Strategy,4.11244,3745,135,3745,Strategy,2016,Strategy,Strategy,1-Jan-00,4,14,115
Chaos in the Old World,Strategy,3.83801,13971,120,13971,Strategy,2009,Strategy,Strategy,3-Jan-00,4,13,116
T.I.M.E Stories,Thematic,3.800615,22506,90,22506,Thematic,2015,Thematic,Thematic,2-Jan-00,4,12,117
The Resistance: Avalon,Party,3.79563,25837,30,25837,Party,2012,Party,Party,5-Jan-00,10,13,118
Age of Steam,Strategy,3.879855,8431,120,8431,Strategy,2002,Strategy,Strategy,1-Jan-00,6,13,119
Chronicles of Crime,Thematic,3.9307,11686,90,11686,Thematic,2018,Thematic,Thematic,1-Jan-00,4,14,120
A Game of Thrones: The Board Game (Second Edition),Strategy,3.809085,27367,240,27367,Strategy,2011,Strategy,Strategy,3-Jan-00,6,14,121
Welcome To...,Family,3.820175,13939,25,13939,Family,2018,Family,Family,1-Jan-00,100,10,122
Castles of Mad King Ludwig,Strategy,3.787975,21177,90,21177,Strategy,2014,Strategy,Strategy,1-Jan-00,4,13,123
Railways of the World,Strategy,3.846125,10881,120,10881,Strategy,2005,Strategy,Strategy,2-Jan-00,6,10,124
Dinosaur Island,Strategy,3.88154,10010,120,10010,Strategy,2017,Strategy,Strategy,1-Jan-00,4,8,125
Barrage,Strategy,4.057185,4219,120,4219,Strategy,2019,Strategy,Strategy,1-Jan-00,4,14,126
Tainted Grail: The Fall of Avalon,Thematic,4.3209,3502,120,3502,Thematic,2019,Thematic,Thematic,1-Jan-00,4,14,127
Trickerion: Legends of Illusion,Strategy,3.94752,6213,180,6213,Strategy,2015,Strategy,Strategy,2-Jan-00,4,14,128
Targi,Strategy,3.819875,12516,60,12516,Strategy,2012,Strategy,Strategy,2-Jan-00,2,12,129
The Lord of the Rings: The Card Game,Uncategorized,3.819835,20012,60,20012,Uncategorized,2011,Uncategorized,Uncategorized,1-Jan-00,2,13,130
Ora et Labora,Strategy,3.85252,9487,180,9487,Strategy,2011,Strategy,Strategy,1-Jan-00,4,13,131
Jaipur,Family,3.755625,34183,30,34183,Family,2009,Family,Family,2-Jan-00,2,12,132
Commands & Colors: Ancients,Uncategorized,3.89161,7835,60,7835,Uncategorized,2006,Uncategorized,Uncategorized,2-Jan-00,2,12,133
Memoir '44,Uncategorized,3.780065,24765,60,24765,Uncategorized,2004,Uncategorized,Uncategorized,2-Jan-00,8,8,134
Hansa Teutonica,Strategy,3.822995,11113,90,11113,Strategy,2009,Strategy,Strategy,2-Jan-00,5,12,135
That's Pretty Clever!,Family,3.825525,11915,30,11915,Family,2018,Family,Family,1-Jan-00,4,8,136
Suburbia,Strategy,3.765435,20874,90,20874,Strategy,2012,Strategy,Strategy,1-Jan-00,4,8,137
Cosmic Encounter,Strategy,3.7719,26341,120,26341,Strategy,2008,Strategy,Strategy,3-Jan-00,5,12,138
Nations,Strategy,3.82583,10865,200,10865,Strategy,2013,Strategy,Strategy,1-Jan-00,5,14,139
Detective: A Modern Crime Board Game,Thematic,3.986705,5815,180,5815,Thematic,2018,Thematic,Thematic,1-Jan-00,5,16,140
Paths of Glory,Uncategorized,4.028685,4377,480,4377,Uncategorized,1999,Uncategorized,Uncategorized,2-Jan-00,2,14,141
Near and Far,Thematic,3.920135,6485,120,6485,Thematic,2017,Thematic,Thematic,2-Jan-00,4,13,142
Combat Commander: Europe,Uncategorized,3.97004,5218,180,5218,Uncategorized,2006,Uncategorized,Uncategorized,2-Jan-00,2,12,143
Captain Sonar,Party,3.79376,14989,60,14989,Party,2016,Party,Party,2-Jan-00,8,14,144
Village,Strategy,3.766515,19464,90,19464,Strategy,2011,Strategy,Strategy,2-Jan-00,4,12,145
Santorini,Family,3.76224,24584,20,24584,Family,2016,Family,Family,2-Jan-00,4,8,146
This War of Mine: The Board Game,Thematic,3.92833,7555,120,7555,Thematic,2017,Thematic,Thematic,1-Jan-00,6,18,147
Xia: Legends of a Drift System,Strategy,3.929265,6855,180,6855,Strategy,2014,Strategy,Strategy,3-Jan-00,5,12,148
Codenames: Duet,Family,3.80123,11911,30,11911,Family,2017,Family,Family,2-Jan-00,4,11,149
Ticket to Ride: Nordic Countries,Family,3.82025,11045,60,11045,Family,2007,Family,Family,2-Jan-00,3,8,150
Sagrada,Family,3.765245,22551,45,22551,Family,2017,Family,Family,1-Jan-00,4,14,151
Sekigahara: The Unification of Japan,Uncategorized,4.029175,4077,180,4077,Uncategorized,2011,Uncategorized,Uncategorized,2-Jan-00,2,14,152
Res Arcana,Strategy,3.91412,6617,60,6617,Strategy,2019,Strategy,Strategy,2-Jan-00,4,12,153
Arcadia Quest,Thematic,3.871305,8791,60,8791,Thematic,2014,Thematic,Thematic,2-Jan-00,4,13,154
Magic: The Gathering,Uncategorized,3.752905,31092,20,31092,Uncategorized,1993,Uncategorized,Uncategorized,2-Jan-00,2,13,155
La Granja,Strategy,3.84337,8110,120,8110,Strategy,2014,Strategy,Strategy,1-Jan-00,4,12,156
Splendor,Family,3.727415,54454,30,54454,Family,2014,Family,Family,2-Jan-00,4,10,157
Tichu,Strategy,3.792315,12927,60,12927,Strategy,1991,Strategy,Strategy,4-Jan-00,4,10,158
Star Realms: Colony Wars,Strategy,3.93823,5541,20,5541,Strategy,2015,Strategy,Strategy,2-Jan-00,2,12,159
Aeon's End: War Eternal,Strategy,4.22288,2637,60,2637,Strategy,2017,Strategy,Strategy,1-Jan-00,4,14,160
Legendary: A Marvel Deck Building Game,Thematic,3.79371,19021,60,19021,Thematic,2012,Thematic,Thematic,1-Jan-00,5,14,161
Go,Abstract,3.81738,14301,180,14301,Abstract,-2200,Abstract,Abstract,2-Jan-00,2,8,162
Goa,Strategy,3.795215,10832,90,10832,Strategy,2004,Strategy,Strategy,2-Jan-00,4,12,163
Zombicide: Black Plague,Thematic,3.848005,11804,180,11804,Thematic,2015,Thematic,Thematic,1-Jan-00,6,14,164
Rajas of the Ganges,Strategy,3.84583,7731,75,7731,Strategy,2017,Strategy,Strategy,2-Jan-00,4,12,165
Ticket to Ride,Family,3.71495,67987,60,67987,Family,2004,Family,Family,2-Jan-00,5,8,166
Kanban: Driver's Edition,Strategy,3.92671,5400,120,5400,Strategy,2014,Strategy,Strategy,2-Jan-00,4,12,167
The Princes of Florence,Strategy,3.76831,14434,100,14434,Strategy,2000,Strategy,Strategy,2-Jan-00,5,12,168
Ra,Strategy,3.73439,18617,60,18617,Strategy,1999,Strategy,Strategy,2-Jan-00,5,12,169
Steam,Strategy,3.80438,9373,90,9373,Strategy,2009,Strategy,Strategy,3-Jan-00,5,10,170
Coimbra,Strategy,3.85089,7332,90,7332,Strategy,2018,Strategy,Strategy,2-Jan-00,4,14,171
Cyclades,Strategy,3.761025,17129,90,17129,Strategy,2009,Strategy,Strategy,2-Jan-00,5,13,172
Carcassonne,Family,3.70942,96228,45,96228,Family,2000,Family,Family,2-Jan-00,5,7,173
Viticulture,Strategy,3.80375,9634,90,9634,Strategy,2013,Strategy,Strategy,2-Jan-00,6,13,174
Just One,Party,3.80683,8987,20,8987,Party,2018,Party,Party,3-Jan-00,7,8,175
Galaxy Trucker,Thematic,3.70821,28282,60,28282,Thematic,2007,Thematic,Thematic,2-Jan-00,4,10,176
Shogun,Strategy,3.77274,12551,120,12551,Strategy,2006,Strategy,Strategy,3-Jan-00,5,12,177
Secret Hitler,Party,3.787725,16300,45,16300,Party,2016,Party,Party,5-Jan-00,10,13,178
YINSH,Abstract,3.84464,7027,60,7027,Abstract,2003,Abstract,Abstract,2-Jan-00,2,9,179
Deception: Murder in Hong Kong,Party,3.752905,14672,20,14672,Party,2014,Party,Party,4-Jan-00,12,14,180
1830: Railways & Robber Barons,Strategy,3.943545,4510,360,4510,Strategy,1986,Strategy,Strategy,2-Jan-00,7,14,181
The Quest for El Dorado,Family,3.795155,9722,60,9722,Family,2017,Family,Family,2-Jan-00,4,10,182
Sushi Go Party!,Family,3.73631,19703,20,19703,Family,2016,Family,Family,2-Jan-00,8,8,183
Isle of Skye: From Chieftain to King,Strategy,3.72266,19016,50,19016,Strategy,2015,Strategy,Strategy,2-Jan-00,5,8,184
Cartographers: A Roll Player Tale,Family,3.877455,5981,45,5981,Family,2019,Family,Family,1-Jan-00,100,10,185
Lewis & Clark: The Expedition,Strategy,3.75174,12253,120,12253,Strategy,2013,Strategy,Strategy,1-Jan-00,5,14,186
Power Grid Deluxe: Europe/North America,Strategy,4.011505,3577,120,3577,Strategy,2014,Strategy,Strategy,2-Jan-00,6,12,187
Glory to Rome,Strategy,3.743205,12710,60,12710,Strategy,2005,Strategy,Strategy,2-Jan-00,5,12,188
Tyrants of the Underdark,Strategy,3.9484,4596,60,4596,Strategy,2016,Strategy,Strategy,2-Jan-00,4,14,189
Hero Realms,Strategy,3.80689,10991,30,10991,Strategy,2016,Strategy,Strategy,2-Jan-00,4,12,190
Imperial Settlers,Strategy,3.71651,20021,90,20021,Strategy,2014,Strategy,Strategy,1-Jan-00,4,10,191
Imperial,Strategy,3.808115,8146,180,8146,Strategy,2006,Strategy,Strategy,2-Jan-00,6,13,192
Flamme Rouge,Family,3.782285,10652,45,10652,Family,2016,Family,Family,2-Jan-00,4,8,193
Roll Player,Strategy,3.76098,11443,90,11443,Strategy,2016,Strategy,Strategy,1-Jan-00,4,10,194
Bora Bora,Strategy,3.78093,8860,120,8860,Strategy,2013,Strategy,Strategy,2-Jan-00,4,12,195
1960: The Making of the President,Strategy,3.79979,8298,120,8298,Strategy,2007,Strategy,Strategy,2-Jan-00,2,12,196
Dungeon Petz,Strategy,3.742125,12160,90,12160,Strategy,2011,Strategy,Strategy,2-Jan-00,4,13,197
Age of Empires III: The Age of Discovery,Strategy,3.77364,9736,120,9736,Strategy,2007,Strategy,Strategy,2-Jan-00,5,10,198
Seasons,Strategy,3.706715,19790,60,19790,Strategy,2012,Strategy,Strategy,2-Jan-00,4,14,199
Samurai,Strategy,3.722745,14393,60,14393,Strategy,1998,Strategy,Strategy,2-Jan-00,4,10,200
Hanamikoji,Family,3.77562,9476,15,9476,Family,2013,Family,Family,2-Jan-00,2,10,201
Dixit: Odyssey,Party,3.72909,15674,30,15674,Party,2011,Party,Party,3-Jan-00,12,8,202
Azul: Summer Pavilion,Family,3.933755,4380,45,4380,Family,2019,Family,Family,2-Jan-00,4,8,203
Space Alert,Thematic,3.72302,14446,30,14446,Thematic,2008,Thematic,Thematic,1-Jan-00,5,12,204
Exit: The Game – The Abandoned Cabin,Family,3.789645,7859,120,7859,Family,2016,Family,Family,1-Jan-00,6,12,205
Dead of Winter: The Long Night,Thematic,3.839965,7272,120,7272,Thematic,2016,Thematic,Thematic,2-Jan-00,5,14,206
The Isle of Cats,Strategy,4.052745,3537,90,3537,Strategy,2019,Strategy,Strategy,1-Jan-00,4,8,207
Fury of Dracula (Third/Fourth Edition),Thematic,3.764405,10562,180,10562,Thematic,2015,Thematic,Thematic,2-Jan-00,5,14,208
Century: Golem Edition,Strategy,3.862715,5857,45,5857,Strategy,2017,Strategy,Strategy,2-Jan-00,5,8,209
Summoner Wars: Master Set,Strategy,3.76296,10193,60,10193,Strategy,2011,Strategy,Strategy,2-Jan-00,4,9,210
Pax Pamir (Second Edition),Strategy,4.178255,2385,120,2385,Strategy,2019,Strategy,Strategy,1-Jan-00,5,13,211
Lords of Hellas,Strategy,3.948105,4925,90,4925,Strategy,2018,Strategy,Strategy,1-Jan-00,4,14,212
Kingdomino,Family,3.68182,28385,20,28385,Family,2016,Family,Family,2-Jan-00,4,8,213
Pulsar 2849,Strategy,3.87172,5397,90,5397,Strategy,2017,Strategy,Strategy,2-Jan-00,4,14,214
Runewars,Strategy,3.82099,7614,240,7614,Strategy,2010,Strategy,Strategy,2-Jan-00,4,14,215
Navegador,Strategy,3.77703,7813,90,7813,Strategy,2010,Strategy,Strategy,2-Jan-00,5,12,216
BattleLore (Second Edition),Uncategorized,3.883295,5444,90,5444,Uncategorized,2013,Uncategorized,Uncategorized,2-Jan-00,2,14,217
Battle Line,Strategy,3.708885,15198,30,15198,Strategy,2000,Strategy,Strategy,2-Jan-00,2,12,218
Hannibal: Rome vs. Carthage,Uncategorized,3.902645,4717,200,4717,Uncategorized,1996,Uncategorized,Uncategorized,2-Jan-00,2,12,219
Alien Frontiers,Strategy,3.7109,13826,90,13826,Strategy,2010,Strategy,Strategy,2-Jan-00,4,13,220
Indonesia,Strategy,3.925055,3904,240,3904,Strategy,2005,Strategy,Strategy,2-Jan-00,5,14,221
Rococo,Strategy,3.791335,7182,120,7182,Strategy,2013,Strategy,Strategy,2-Jan-00,5,12,222
Imperial 2030,Strategy,3.84753,5561,180,5561,Strategy,2009,Strategy,Strategy,2-Jan-00,6,12,223
Antiquity,Strategy,3.94762,3679,180,3679,Strategy,2004,Strategy,Strategy,2-Jan-00,4,14,224
Burgle Bros.,Family,3.782445,7815,90,7815,Family,2015,Family,Family,1-Jan-00,4,12,225
Mage Wars Arena,Uncategorized,3.829305,7226,90,7226,Uncategorized,2012,Uncategorized,Uncategorized,2-Jan-00,2,13,226
Modern Art,Strategy,3.69489,15957,45,15957,Strategy,1992,Strategy,Strategy,3-Jan-00,5,10,227
The Manhattan Project: Energy Empire,Strategy,3.895985,4476,120,4476,Strategy,2016,Strategy,Strategy,1-Jan-00,5,13,228
Above and Below,Thematic,3.726235,11999,90,11999,Thematic,2015,Thematic,Thematic,2-Jan-00,4,13,229
Onitama,Abstract,3.71013,13669,20,13669,Abstract,2014,Abstract,Abstract,2-Jan-00,2,8,230
Cthulhu Wars,Strategy,3.96222,4343,120,4343,Strategy,2015,Strategy,Strategy,2-Jan-00,4,14,231
Mysterium,Family,3.66479,29449,42,29449,Family,2015,Family,Family,2-Jan-00,7,10,232
Ethnos,Strategy,3.74549,8977,60,8977,Strategy,2017,Strategy,Strategy,2-Jan-00,6,14,233
Hive,Abstract,3.659285,28025,20,28025,Abstract,2000,Abstract,Abstract,2-Jan-00,2,9,234
Gloomhaven: Jaws of the Lion,Strategy,4.58575,1609,120,1609,Strategy,2020,Strategy,Strategy,1-Jan-00,4,14,235
Century: Spice Road,Strategy,3.68744,16958,45,16958,Strategy,2017,Strategy,Strategy,2-Jan-00,5,8,236
Sid Meier's Civilization: The Board Game,Strategy,3.7101,14107,240,14107,Strategy,2010,Strategy,Strategy,2-Jan-00,4,13,237
Dungeon Lords,Strategy,3.69874,12623,90,12623,Strategy,2009,Strategy,Strategy,2-Jan-00,4,12,238
Small World,Strategy,3.635675,59221,80,59221,Strategy,2009,Strategy,Strategy,2-Jan-00,5,8,239
Here I Stand,Uncategorized,3.963895,3492,360,3492,Uncategorized,2006,Uncategorized,Uncategorized,2-Jan-00,6,12,240
Horrified,Family,3.935945,4179,60,4179,Family,2019,Family,Family,1-Jan-00,5,10,241
Letters from Whitechapel,Strategy,3.70296,13173,60,13173,Strategy,2011,Strategy,Strategy,2-Jan-00,6,14,242
PARKS,Family,3.94758,4047,60,4047,Family,2019,Family,Family,1-Jan-00,5,10,243
Bruges,Strategy,3.71889,9857,60,9857,Strategy,2013,Strategy,Strategy,2-Jan-00,4,10,244
The Resistance,Party,3.64916,34780,30,34780,Party,2009,Party,Party,5-Jan-00,10,13,245
Tapestry,Strategy,3.74464,9186,120,9186,Strategy,2019,Strategy,Strategy,1-Jan-00,5,12,246
Arboretum,Family,3.70533,11528,30,11528,Family,2015,Family,Family,2-Jan-00,4,8,247
Merchants & Marauders,Thematic,3.711095,12345,180,12345,Thematic,2010,Thematic,Thematic,2-Jan-00,4,13,248
Space Base,Family,3.780175,6694,60,6694,Family,2018,Family,Family,2-Jan-00,5,14,249
Telestrations,Party,3.70204,11895,30,11895,Party,2009,Party,Party,4-Jan-00,8,12,250
Ghost Stories,Strategy,3.666185,18851,60,18851,Strategy,2008,Strategy,Strategy,1-Jan-00,4,12,251
Agricola: All Creatures Big and Small,Strategy,3.69757,11923,30,11923,Strategy,2012,Strategy,Strategy,2-Jan-00,2,13,252
Glass Road,Strategy,3.72659,8685,80,8685,Strategy,2013,Strategy,Strategy,1-Jan-00,4,13,253
Tikal,Strategy,3.671645,17432,90,17432,Strategy,1999,Strategy,Strategy,2-Jan-00,4,10,254
Mission: Red Planet (Second Edition),Strategy,3.73716,8381,90,8381,Strategy,2015,Strategy,Strategy,2-Jan-00,6,14,255
Star Wars: Armada,Thematic,3.93122,4383,120,4383,Thematic,2015,Thematic,Thematic,2-Jan-00,2,14,256
Dixit,Party,3.633525,47818,30,47818,Party,2008,Party,Party,3-Jan-00,6,8,257
Evolution: Climate,Strategy,3.830065,5613,60,5613,Strategy,2016,Strategy,Strategy,2-Jan-00,6,12,258
Acquire,Strategy,3.67201,17838,90,17838,Strategy,1964,Strategy,Strategy,2-Jan-00,6,12,259
Heaven & Ale,Strategy,3.80128,5719,90,5719,Strategy,2017,Strategy,Strategy,2-Jan-00,4,12,260
Tiny Epic Galaxies,Strategy,3.689265,14482,45,14482,Strategy,2015,Strategy,Strategy,1-Jan-00,5,14,261
Neuroshima Hex! 3.0,Strategy,3.70356,12871,30,12871,Strategy,2006,Strategy,Strategy,1-Jan-00,4,13,262
Vindication,Strategy,3.94481,3780,150,3780,Strategy,2018,Strategy,Strategy,2-Jan-00,5,14,263
Takenoko,Family,3.639575,32922,45,32922,Family,2011,Family,Family,2-Jan-00,4,8,264
Western Legends,Thematic,3.83991,5450,90,5450,Thematic,2018,Thematic,Thematic,2-Jan-00,6,14,265
Die Macher,Strategy,3.81556,5090,240,5090,Strategy,1986,Strategy,Strategy,3-Jan-00,5,14,266
Love Letter,Family,3.617015,53142,20,53142,Family,2012,Family,Family,2-Jan-00,4,10,267
Charterstone,Strategy,3.71961,10720,75,10720,Strategy,2017,Strategy,Strategy,1-Jan-00,6,14,268
Cryptid,Strategy,3.771335,6245,50,6245,Strategy,2018,Strategy,Strategy,3-Jan-00,5,10,269
Dominion (Second Edition),Strategy,3.98042,3363,30,3363,Strategy,2016,Strategy,Strategy,2-Jan-00,4,14,270
Notre Dame,Strategy,3.67471,11971,75,11971,Strategy,2007,Strategy,Strategy,2-Jan-00,5,10,271
Survive: Escape from Atlantis!,Family,3.652025,19406,60,19406,Family,1982,Family,Family,2-Jan-00,4,8,272
Endeavor,Strategy,3.70513,8959,90,8959,Strategy,2009,Strategy,Strategy,3-Jan-00,5,12,273
In the Year of the Dragon,Strategy,3.68152,10469,100,10469,Strategy,2007,Strategy,Strategy,2-Jan-00,5,12,274
San Juan,Strategy,3.629695,21819,60,21819,Strategy,2004,Strategy,Strategy,2-Jan-00,4,10,275
Altiplano,Strategy,3.77603,6221,120,6221,Strategy,2017,Strategy,Strategy,2-Jan-00,5,12,276
Claustrophobia,Thematic,3.76411,6538,45,6538,Thematic,2009,Thematic,Thematic,2-Jan-00,2,14,277
The Pillars of the Earth,Strategy,3.647315,15948,120,15948,Strategy,2006,Strategy,Strategy,2-Jan-00,4,12,278
Clash of Cultures,Strategy,3.81312,5048,240,5048,Strategy,2012,Strategy,Strategy,2-Jan-00,4,14,279
Harry Potter: Hogwarts Battle,Strategy,3.73813,10185,60,10185,Strategy,2016,Strategy,Strategy,2-Jan-00,4,11,280
KLASK,Family,3.82278,4807,10,4807,Family,2014,Family,Family,2-Jan-00,2,8,281
Nemo's War (Second Edition),Thematic,4.008135,2838,120,2838,Thematic,2017,Thematic,Thematic,1-Jan-00,4,13,282
Bruxelles 1893,Strategy,3.826755,4528,125,4528,Strategy,2013,Strategy,Strategy,2-Jan-00,5,13,283
At the Gates of Loyang,Strategy,3.691405,9304,120,9304,Strategy,2009,Strategy,Strategy,1-Jan-00,4,10,284
Dune,Strategy,3.810785,5399,180,5399,Strategy,1979,Strategy,Strategy,2-Jan-00,6,12,285
Saint Petersburg,Strategy,3.65376,14032,60,14032,Strategy,2004,Strategy,Strategy,2-Jan-00,4,10,286
Bärenpark,Family,3.68203,10500,45,10500,Family,2017,Family,Family,2-Jan-00,4,8,287
Blood Bowl: Team Manager – The Card Game,Thematic,3.691835,10084,120,10084,Thematic,2011,Thematic,Thematic,2-Jan-00,4,14,288
Civilization,Strategy,3.752475,7007,360,7007,Strategy,1980,Strategy,Strategy,2-Jan-00,7,12,289
Advanced Squad Leader,Uncategorized,3.99014,3429,480,3429,Uncategorized,1985,Uncategorized,Uncategorized,2-Jan-00,2,14,290
Space Hulk (Third Edition),Thematic,3.768045,6613,60,6613,Thematic,2009,Thematic,Thematic,2-Jan-00,2,12,291
Nippon,Strategy,3.855485,3963,120,3963,Strategy,2015,Strategy,Strategy,2-Jan-00,4,12,292
For Sale,Family,3.610965,22588,30,22588,Family,1997,Family,Family,3-Jan-00,6,10,293
51st State: Master Set,Strategy,3.831705,4635,90,4635,Strategy,2016,Strategy,Strategy,1-Jan-00,4,14,294
Ticket to Ride: Märklin,Strategy,3.70379,8604,60,8604,Strategy,2006,Strategy,Strategy,2-Jan-00,5,8,295
The Manhattan Project,Strategy,3.690305,8903,120,8903,Strategy,2012,Strategy,Strategy,2-Jan-00,5,13,296
Azul: Stained Glass of Sintra,Family,3.725725,7494,45,7494,Family,2018,Family,Family,2-Jan-00,4,8,297
Sherlock Holmes Consulting Detective: Jack the Ripper & West End Adventures,Thematic,3.903565,3586,120,3586,Thematic,2016,Thematic,Thematic,1-Jan-00,8,10,298
Mice and Mystics,Thematic,3.66304,16013,90,16013,Thematic,2012,Thematic,Thematic,1-Jan-00,4,7,299
King of Tokyo,Family,3.597575,54892,30,54892,Family,2011,Family,Family,2-Jan-00,6,8,300
Codenames: Pictures,Party,3.639875,15756,15,15756,Party,2016,Party,Party,2-Jan-00,8,10,301
Blood Bowl: Living Rulebook,Thematic,3.926605,3327,120,3327,Thematic,2004,Thematic,Thematic,2-Jan-00,2,12,302
Mythic Battles: Pantheon,Strategy,4.24162,2397,90,2397,Strategy,2017,Strategy,Strategy,2-Jan-00,4,14,303
Aeon's End: Legacy,Strategy,4.131125,2173,90,2173,Strategy,2019,Strategy,Strategy,1-Jan-00,4,14,304
Star Wars: Outer Rim,Thematic,3.886195,4280,180,4280,Thematic,2019,Thematic,Thematic,1-Jan-00,4,14,305
San Juan (Second Edition),Strategy,3.764575,5400,60,5400,Strategy,2014,Strategy,Strategy,2-Jan-00,4,10,306
Macao,Strategy,3.713105,6801,100,6801,Strategy,2009,Strategy,Strategy,2-Jan-00,4,12,307
Fresco,Strategy,3.647005,11490,60,11490,Strategy,2010,Strategy,Strategy,2-Jan-00,4,10,308
Arkham Horror,Thematic,3.633035,36106,240,36106,Thematic,2005,Thematic,Thematic,1-Jan-00,8,14,309
Maria,Uncategorized,3.982175,2668,210,2668,Uncategorized,2009,Uncategorized,Uncategorized,2-Jan-00,3,14,310
Lost Cities,Family,3.585985,35568,30,35568,Family,1999,Family,Family,2-Jan-00,2,10,311
The Taverns of Tiefenthal,Strategy,3.82062,4480,60,4480,Strategy,2019,Strategy,Strategy,2-Jan-00,4,12,312
Bunny Kingdom,Family,3.729415,6629,60,6629,Family,2017,Family,Family,2-Jan-00,4,12,313
Watergate,Strategy,4.03322,2411,60,2411,Strategy,2019,Strategy,Strategy,2-Jan-00,2,12,314
The Godfather: Corleone's Empire,Strategy,3.781495,5266,90,5266,Strategy,2017,Strategy,Strategy,2-Jan-00,5,14,315
Lancaster,Strategy,3.714855,6506,60,6506,Strategy,2011,Strategy,Strategy,2-Jan-00,5,10,316
Cthulhu: Death May Die,Thematic,4.07805,2650,120,2650,Thematic,2019,Thematic,Thematic,1-Jan-00,5,14,317
A Few Acres of Snow,Strategy,3.700865,7258,120,7258,Strategy,2011,Strategy,Strategy,2-Jan-00,2,14,318
Dice Forge,Family,3.649725,13047,45,13047,Family,2017,Family,Family,2-Jan-00,4,10,319
Gùgōng,Strategy,3.76415,5327,90,5327,Strategy,2018,Strategy,Strategy,1-Jan-00,5,12,320
Gizmos,Family,3.73114,6287,50,6287,Family,2018,Family,Family,2-Jan-00,4,14,321
Tiny Towns,Family,3.7036,7657,60,7657,Family,2019,Family,Family,1-Jan-00,6,14,322
Innovation,Strategy,3.62168,14194,60,14194,Strategy,2010,Strategy,Strategy,2-Jan-00,4,12,323
Sword & Sorcery,Thematic,4.034395,3235,90,3235,Thematic,2017,Thematic,Thematic,1-Jan-00,5,12,324
Santa Maria,Strategy,3.78358,4724,90,4724,Strategy,2017,Strategy,Strategy,1-Jan-00,4,12,325
Flash Point: Fire Rescue,Family,3.60518,20146,45,20146,Family,2011,Family,Family,2-Jan-00,6,10,326
Quadropolis,Family,3.65221,10390,60,10390,Family,2016,Family,Family,2-Jan-00,4,8,327
Risk Legacy,Strategy,3.719265,7287,60,7287,Strategy,2011,Strategy,Strategy,3-Jan-00,5,13,328
Glen More,Strategy,3.66352,8508,70,8508,Strategy,2010,Strategy,Strategy,2-Jan-00,5,10,329
Stockpile,Strategy,3.76767,5104,45,5104,Strategy,2015,Strategy,Strategy,2-Jan-00,5,13,330
Firefly: The Game,Thematic,3.694835,10125,240,10125,Thematic,2013,Thematic,Thematic,1-Jan-00,4,13,331
Millennium Blades,Thematic,3.871775,3672,120,3672,Thematic,2016,Thematic,Thematic,2-Jan-00,5,12,332
Glen More II: Chronicles,Strategy,4.03138,2346,120,2346,Strategy,2019,Strategy,Strategy,2-Jan-00,4,12,333
Heroscape Master Set: Rise of the Valkyrie,Thematic,3.71535,7681,90,7681,Thematic,2004,Thematic,Thematic,2-Jan-00,4,8,334
Thunderstone Quest,Strategy,3.97824,2784,90,2784,Strategy,2018,Strategy,Strategy,2-Jan-00,4,14,335
Kingsburg,Strategy,3.599365,18017,90,18017,Strategy,2007,Strategy,Strategy,2-Jan-00,5,13,336
BattleLore,Thematic,3.683575,9029,60,9029,Thematic,2006,Thematic,Thematic,2-Jan-00,2,10,337
Lord of the Rings: The Confrontation,Strategy,3.74058,5520,30,5520,Strategy,"$2,005.00 ",Strategy,Strategy,2-Jan-00,2,14,338
Amerigo,Strategy,3.73601,5310,90,5310,Strategy,2013,Strategy,Strategy,2-Jan-00,4,10,339
BattleCON: Devastation of Indines,Strategy,3.96526,2811,45,2811,Strategy,2013,Strategy,Strategy,1-Jan-00,5,10,340
Abyss,Strategy,3.665135,9234,60,9234,Strategy,2014,Strategy,Strategy,2-Jan-00,4,14,341
Pandemic: The Cure,Strategy,3.655365,8942,30,8942,Strategy,2014,Strategy,Strategy,2-Jan-00,5,8,342
Spartacus: A Game of Blood and Treachery,Thematic,3.72829,6881,180,6881,Thematic,2012,Thematic,Thematic,3-Jan-00,4,17,343
War Chest,Abstract,3.976115,2766,30,2766,Abstract,2018,Abstract,Abstract,2-Jan-00,4,14,344
Amun-Re,Strategy,3.66279,8436,90,8436,Strategy,2003,Strategy,Strategy,3-Jan-00,5,12,345
Sheriff of Nottingham,Family,3.578865,28020,60,28020,Family,2014,Family,Family,3-Jan-00,5,14,346
The Great Zimbabwe,Strategy,3.88894,3014,150,3014,Strategy,2012,Strategy,Strategy,2-Jan-00,5,14,347
It's a Wonderful World,Strategy,3.92819,3064,60,3064,Strategy,2019,Strategy,Strategy,1-Jan-00,5,14,348
1775: Rebellion,Uncategorized,3.844885,3546,120,3546,Uncategorized,2013,Uncategorized,Uncategorized,2-Jan-00,4,10,349
London (Second Edition),Strategy,3.829735,3666,90,3666,Strategy,2017,Strategy,Strategy,2-Jan-00,4,14,350
Madeira,Strategy,3.818285,3731,150,3731,Strategy,2013,Strategy,Strategy,2-Jan-00,4,12,351
Descent: Journeys in the Dark,Thematic,3.651245,11190,240,11190,Thematic,2005,Thematic,Thematic,2-Jan-00,5,13,352
Forbidden Desert,Family,3.57974,24239,45,24239,Family,2013,Family,Family,2-Jan-00,5,10,353
Blood Bowl (Third Edition),Strategy,3.76818,5155,180,5155,Strategy,1994,Strategy,Strategy,2-Jan-00,2,12,354
Raptor,Strategy,3.677225,7237,25,7237,Strategy,2015,Strategy,Strategy,2-Jan-00,2,9,355
Biblios,Strategy,3.598055,14408,30,14408,Strategy,2007,Strategy,Strategy,2-Jan-00,4,10,356
Mansions of Madness,Thematic,3.65032,12515,180,12515,Thematic,2011,Thematic,Thematic,2-Jan-00,5,13,357
Shadows of Brimstone: City of the Ancients,Thematic,3.99037,3263,120,3263,Thematic,2014,Thematic,Thematic,1-Jan-00,4,12,358
Pandemic: Reign of Cthulhu,Strategy,3.710765,7265,40,7265,Strategy,2016,Strategy,Strategy,2-Jan-00,4,14,359
Monikers,Party,3.883135,3170,60,3170,Party,2015,Party,Party,4-Jan-00,16,17,360
Downforce,Family,3.69723,6393,40,6393,Family,2017,Family,Family,2-Jan-00,6,10,361
Concordia Venus,Uncategorized,4.178865,1682,120,1682,Uncategorized,2018,Uncategorized,Uncategorized,2-Jan-00,6,12,362
Newton,Strategy,3.81315,3748,90,3748,Strategy,2018,Strategy,Strategy,1-Jan-00,4,14,363
Commands & Colors: Napoleonics,Uncategorized,3.995215,2502,90,2502,Uncategorized,2010,Uncategorized,Uncategorized,2-Jan-00,2,14,364
Chinatown,Strategy,3.658025,8005,60,8005,Strategy,1999,Strategy,Strategy,3-Jan-00,5,12,365
Arkham Horror (Third Edition),Thematic,3.88579,3874,180,3874,Thematic,2018,Thematic,Thematic,1-Jan-00,6,14,366
London,Strategy,3.68298,6190,90,6190,Strategy,2010,Strategy,Strategy,2-Jan-00,4,13,367
KeyForge: Call of the Archons,Uncategorized,3.684245,8530,45,8530,Uncategorized,2018,Uncategorized,Uncategorized,2-Jan-00,2,14,368
Deus,Strategy,3.667545,6973,90,6973,Strategy,2014,Strategy,Strategy,2-Jan-00,4,14,369
Pandemic: Fall of Rome,Strategy,3.876345,3213,60,3213,Strategy,2018,Strategy,Strategy,1-Jan-00,5,8,370
"Labyrinth: The War on Terror, 2001 – ?",Strategy,3.792395,4172,180,4172,Strategy,2010,Strategy,Strategy,1-Jan-00,2,12,371
Hanabi,Family,3.552085,36788,25,36788,Family,2010,Family,Family,2-Jan-00,5,8,372
Sentinels of the Multiverse,Thematic,3.621325,14310,60,14310,Thematic,2011,Thematic,Thematic,2-Jan-00,5,8,373
PitchCar,Family,3.625895,9353,30,9353,Family,1995,Family,Family,2-Jan-00,8,6,374
Archipelago,Strategy,3.67789,7115,240,7115,Strategy,2012,Strategy,Strategy,2-Jan-00,5,14,375
Colt Express,Family,3.570405,22891,40,22891,Family,2014,Family,Family,2-Jan-00,6,10,376
Roads & Boats,Strategy,3.867815,2991,240,2991,Strategy,1999,Strategy,Strategy,1-Jan-00,4,14,377
Carpe Diem,Strategy,3.79523,3951,75,3951,Strategy,2018,Strategy,Strategy,2-Jan-00,4,10,378
Skull,Party,3.601895,12821,45,12821,Party,2011,Party,Party,3-Jan-00,6,10,379
Egizia,Strategy,3.717095,5036,90,5036,Strategy,2009,Strategy,Strategy,2-Jan-00,4,12,380
Catan,Strategy,3.581325,96213,120,96213,Strategy,1995,Strategy,Strategy,3-Jan-00,4,10,381
Freedom: The Underground Railroad,Strategy,3.80098,3705,120,3705,Strategy,2012,Strategy,Strategy,1-Jan-00,4,13,382
Time's Up! Title Recall!,Party,3.8626,3002,60,3002,Party,2008,Party,Party,4-Jan-00,18,12,383
First Class: All Aboard the Orient Express!,Strategy,3.743595,4532,80,4532,Strategy,2016,Strategy,Strategy,2-Jan-00,4,10,384
Small World Underground,Strategy,3.640315,9451,90,9451,Strategy,2011,Strategy,Strategy,2-Jan-00,5,8,385
Mystic Vale,Strategy,3.6496,8239,45,8239,Strategy,2016,Strategy,Strategy,2-Jan-00,4,14,386
Legends of Andor,Thematic,3.60912,13915,90,13915,Thematic,2012,Thematic,Thematic,2-Jan-00,4,10,387
Undaunted: Normandy,Thematic,3.97918,2554,60,2554,Thematic,2019,Thematic,Thematic,2-Jan-00,2,14,388
The Grizzled,Thematic,3.60682,11540,30,11540,Thematic,2015,Thematic,Thematic,2-Jan-00,5,14,389
Euphoria: Build a Better Dystopia,Strategy,3.63075,8890,60,8890,Strategy,2013,Strategy,Strategy,2-Jan-00,6,13,390
Too Many Bones: Undertow,Strategy,4.412435,1361,180,1361,Strategy,2018,Strategy,Strategy,1-Jan-00,2,12,391
One Night Ultimate Werewolf,Party,3.578625,20143,10,20143,Party,2014,Party,Party,3-Jan-00,10,8,392
Shadows over Camelot,Thematic,3.56129,24895,80,24895,Thematic,2005,Thematic,Thematic,3-Jan-00,7,10,393
Citadels,Strategy,3.54363,46916,60,46916,Strategy,2000,Strategy,Strategy,2-Jan-00,8,10,394
Friday,Strategy,3.578705,15360,25,15360,Strategy,2011,Strategy,Strategy,1-Jan-00,1,13,395
Schotten Totten,Family,3.656295,6981,20,6981,Family,1999,Family,Family,2-Jan-00,2,8,396
Airlines Europe,Strategy,3.65808,6682,75,6682,Strategy,2011,Strategy,Strategy,2-Jan-00,5,10,397
Libertalia,Strategy,3.588905,11985,60,11985,Strategy,2012,Strategy,Strategy,2-Jan-00,6,14,398
Junk Art,Family,3.72454,4935,30,4935,Family,2016,Family,Family,2-Jan-00,6,8,399
Imhotep,Family,3.604805,10797,40,10797,Family,2016,Family,Family,2-Jan-00,4,10,400
TZAAR,Abstract,3.838975,3090,60,3090,Abstract,2007,Abstract,Abstract,2-Jan-00,2,13,401
Ginkgopolis,Strategy,3.71424,4758,45,4758,Strategy,2012,Strategy,Strategy,1-Jan-00,5,13,402
Vinhos,Strategy,3.74546,4363,135,4363,Strategy,2010,Strategy,Strategy,2-Jan-00,4,12,403
Photosynthesis,Family,3.580475,14970,60,14970,Family,2017,Family,Family,2-Jan-00,4,10,404
Lords of Vegas,Strategy,3.665315,6283,90,6283,Strategy,2010,Strategy,Strategy,2-Jan-00,4,12,405
Star Wars: X-Wing Miniatures Game – The Force Awakens Core Set,Uncategorized,3.92144,2696,45,2696,Uncategorized,2015,Uncategorized,Uncategorized,2-Jan-00,2,14,406
Pathfinder Adventure Card Game: Rise of the Runelords – Base Set,Thematic,3.61279,11765,90,11765,Thematic,2013,Thematic,Thematic,1-Jan-00,4,13,407
Elysium,Strategy,3.62069,8181,60,8181,Strategy,2015,Strategy,Strategy,2-Jan-00,4,14,408
Ingenious,Abstract,3.56427,15262,45,15262,Abstract,2004,Abstract,Abstract,1-Jan-00,4,10,409
Taj Mahal,Strategy,3.646105,6959,100,6959,Strategy,2000,Strategy,Strategy,3-Jan-00,5,12,410
Vikings,Strategy,3.625665,7828,60,7828,Strategy,2007,Strategy,Strategy,2-Jan-00,4,10,411
The Colonists,Strategy,3.839675,3137,360,3137,Strategy,2016,Strategy,Strategy,1-Jan-00,4,12,412
The Fox in the Forest,Family,3.637725,7354,30,7354,Family,2017,Family,Family,2-Jan-00,2,10,413
Queendomino,Family,3.645485,7143,25,7143,Family,2017,Family,Family,2-Jan-00,4,8,414
Thurn and Taxis,Strategy,3.552185,17505,60,17505,Strategy,2006,Strategy,Strategy,2-Jan-00,4,10,415
Twice as Clever!,Family,3.771035,3767,30,3767,Family,2019,Family,Family,1-Jan-00,4,10,416
Tales of the Arabian Nights,Thematic,3.60028,11279,120,11279,Thematic,2009,Thematic,Thematic,1-Jan-00,6,12,417
Awkward Guests,Family,3.88156,2931,75,2931,Family,2016,Family,Family,1-Jan-00,8,12,418
Hammer of the Scots,Uncategorized,3.775955,3772,180,3772,Uncategorized,2002,Uncategorized,Uncategorized,2-Jan-00,2,12,419
Betrayal Legacy,Thematic,3.94929,2692,90,2692,Thematic,2018,Thematic,Thematic,3-Jan-00,5,12,420
Last Will,Strategy,3.59869,8762,75,8762,Strategy,2011,Strategy,Strategy,2-Jan-00,5,14,421
Fire in the Lake,Uncategorized,4.0275,2063,180,2063,Uncategorized,2014,Uncategorized,Uncategorized,1-Jan-00,4,0,422
Conan,Thematic,3.867655,3761,90,3761,Thematic,2016,Thematic,Thematic,2-Jan-00,5,14,423
RoboRally,Strategy,3.54226,22100,120,22100,Strategy,1994,Strategy,Strategy,2-Jan-00,8,12,424
Escape Plan,Strategy,3.839655,3065,120,3065,Strategy,2019,Strategy,Strategy,1-Jan-00,5,12,425
StarCraft: The Board Game,Strategy,3.66951,6938,240,6938,Strategy,2007,Strategy,Strategy,2-Jan-00,6,12,426
Earth Reborn,Thematic,3.84183,3177,180,3177,Thematic,2010,Thematic,Thematic,2-Jan-00,4,13,427
Argent: The Consortium,Strategy,3.842195,2947,150,2947,Strategy,2015,Strategy,Strategy,2-Jan-00,5,10,428
Paperback,Strategy,3.60276,8422,45,8422,Strategy,2014,Strategy,Strategy,2-Jan-00,5,8,429
Evolution,Strategy,3.57912,12789,60,12789,Strategy,"$2,014.00 ",Strategy,Strategy,2-Jan-00,6,12,430
Runebound (Third Edition),Thematic,3.76365,4613,180,4613,Thematic,2015,Thematic,Thematic,2-Jan-00,4,14,431
Nusfjord,Strategy,3.79336,3380,100,3380,Strategy,2017,Strategy,Strategy,1-Jan-00,5,12,432
Colosseum,Strategy,3.608795,8314,90,8314,Strategy,2007,Strategy,Strategy,3-Jan-00,5,10,433
Sushi Go!,Family,3.527325,32092,15,32092,Family,2013,Family,Family,2-Jan-00,5,8,434
Star Realms: Frontiers,Strategy,4.022505,2108,45,2108,Strategy,2018,Strategy,Strategy,1-Jan-00,4,12,435
Potion Explosion,Family,3.581105,11900,45,11900,Family,2015,Family,Family,2-Jan-00,4,8,436
A Game of Thrones,Strategy,3.609965,10068,180,10068,Strategy,2003,Strategy,Strategy,3-Jan-00,5,12,437
Chicago Express,Strategy,3.618925,7244,60,7244,Strategy,2007,Strategy,Strategy,2-Jan-00,6,12,438
Nexus Ops,Thematic,3.60898,8360,90,8360,Thematic,2005,Thematic,Thematic,2-Jan-00,4,12,439
Automobile,Strategy,3.66859,5304,120,5304,Strategy,2009,Strategy,Strategy,3-Jan-00,5,12,440
Star Wars: Destiny,Uncategorized,3.7844,4335,30,4335,Uncategorized,2016,Uncategorized,Uncategorized,2-Jan-00,2,10,441
No Thanks!,Family,3.52741,19479,20,19479,Family,2004,Family,Family,3-Jan-00,7,8,442
Dune,Strategy,4.114475,2074,120,2074,Strategy,2019,Strategy,Strategy,2-Jan-00,6,14,443
Carson City,Strategy,3.627615,6633,90,6633,Strategy,2009,Strategy,Strategy,2-Jan-00,5,12,444
Francis Drake,Strategy,3.71572,4344,120,4344,Strategy,2013,Strategy,Strategy,3-Jan-00,5,14,445
Bohnanza,Family,3.518455,36840,45,36840,Family,1997,Family,Family,2-Jan-00,7,13,446
A Game of Thrones: The Card Game (Second Edition),Uncategorized,3.796215,3983,120,3983,Uncategorized,2015,Uncategorized,Uncategorized,2-Jan-00,4,14,447
Port Royal,Family,3.57087,11916,50,11916,Family,2014,Family,Family,2-Jan-00,5,8,448
Baseball Highlights: 2045,Strategy,3.782775,3430,45,3430,Strategy,2015,Strategy,Strategy,1-Jan-00,4,9,449
Stuffed Fables,Family,3.79726,3676,90,3676,Family,2018,Family,Family,2-Jan-00,4,7,450
AquaSphere,Strategy,3.641045,6224,100,6224,Strategy,2014,Strategy,Strategy,2-Jan-00,4,12,451
Chess,Abstract,3.554765,27036,60,27036,Abstract,1475,Abstract,Abstract,2-Jan-00,2,6,452
DVONN,Abstract,3.721995,4317,30,4317,Abstract,2001,Abstract,Abstract,2-Jan-00,2,9,453
1846: The Race for the Midwest,Strategy,3.984635,1969,240,1969,Strategy,2005,Strategy,Strategy,3-Jan-00,5,14,454
Pax Porfiriana,Strategy,3.842075,2809,120,2809,Strategy,2012,Strategy,Strategy,1-Jan-00,6,12,455
Karuba,Family,3.604415,8058,40,8058,Family,2015,Family,Family,2-Jan-00,4,8,456
Discworld: Ankh-Morpork,Thematic,3.6129,8974,60,8974,Thematic,2011,Thematic,Thematic,2-Jan-00,4,11,457
Gears of War: The Board Game,Thematic,3.734835,4582,180,4582,Thematic,2011,Thematic,Thematic,1-Jan-00,4,14,458
Zombicide,Thematic,3.58635,15915,60,15915,Thematic,2012,Thematic,Thematic,1-Jan-00,6,14,459
Dice Throne: Season Two – Battle Chest,Family,4.106225,1831,40,1831,Family,2018,Family,Family,2-Jan-00,6,8,460
Alhambra,Strategy,3.51317,27427,60,27427,Strategy,2003,Strategy,Strategy,2-Jan-00,6,8,461
Point Salad,Family,3.68633,4908,30,4908,Family,2019,Family,Family,2-Jan-00,6,8,462
Black Orchestra,Thematic,3.76484,3802,90,3802,Thematic,2016,Thematic,Thematic,1-Jan-00,5,14,463
Quantum,Strategy,3.64701,6268,60,6268,Strategy,2013,Strategy,Strategy,2-Jan-00,4,13,464
Camel Up,Family,3.524585,21712,30,21712,Family,2014,Family,Family,2-Jan-00,8,8,465
Snowdonia,Strategy,3.69442,4379,90,4379,Strategy,2012,Strategy,Strategy,1-Jan-00,5,10,466
Mare Nostrum: Empires,Strategy,3.797735,3289,120,3289,Strategy,2016,Strategy,Strategy,3-Jan-00,5,14,467
Exit: The Game – Dead Man on the Orient Express,Family,3.887555,2405,90,2405,Family,2017,Family,Family,1-Jan-00,4,12,468
Citadels,Family,3.66198,6383,60,6383,Family,2016,Family,Family,2-Jan-00,8,10,469
The Republic of Rome,Strategy,3.765645,3871,300,3871,Strategy,1990,Strategy,Strategy,1-Jan-00,6,14,470
Broom Service,Strategy,3.600975,7515,75,7515,Strategy,2015,Strategy,Strategy,2-Jan-00,5,10,471
Struggle of Empires,Strategy,3.743625,3683,240,3683,Strategy,2004,Strategy,Strategy,2-Jan-00,7,13,472
Blood Bowl (2016 edition),Thematic,4.04558,2042,120,2042,Thematic,2016,Thematic,Thematic,2-Jan-00,2,12,473
Magic Maze,Family,3.542105,14149,15,14149,Family,2017,Family,Family,1-Jan-00,8,8,474
Tobago,Family,3.55891,10225,60,10225,Family,2009,Family,Family,2-Jan-00,4,10,475
Triumph & Tragedy: European Balance of Power 1936-1945,Uncategorized,4.09072,1720,360,1720,Uncategorized,2015,Uncategorized,Uncategorized,2-Jan-00,3,12,476
Carcassonne: Hunters and Gatherers,Family,3.56683,10675,35,10675,Family,2002,Family,Family,2-Jan-00,5,8,477
Thunderstone Advance: Towers of Ruin,Strategy,3.690165,4535,45,4535,Strategy,2012,Strategy,Strategy,1-Jan-00,5,12,478
Thebes,Family,3.569505,9012,60,9012,Family,2007,Family,Family,2-Jan-00,4,8,479
Jamaica,Family,3.5284,15567,60,15567,Family,2007,Family,Family,2-Jan-00,6,8,480
Trains,Strategy,3.58909,7463,45,7463,Strategy,2012,Strategy,Strategy,2-Jan-00,4,12,481
Love Letter Premium,Family,3.73759,3906,30,3906,Family,2016,Family,Family,2-Jan-00,8,8,482
Through the Desert,Strategy,3.53318,12423,45,12423,Strategy,1998,Strategy,Strategy,2-Jan-00,5,10,483
One Night Ultimate Werewolf Daybreak,Party,3.696745,4592,10,4592,Party,2015,Party,Party,3-Jan-00,7,8,484
Coup,Party,3.5069,33932,15,33932,Party,2012,Party,Party,2-Jan-00,6,13,485
Dixit: Journey,Party,3.71461,4099,30,4099,Party,2012,Party,Party,3-Jan-00,6,8,486
Summoner Wars,Uncategorized,3.630595,6076,60,6076,Uncategorized,2009,Uncategorized,Uncategorized,2-Jan-00,4,9,487
Belfort,Strategy,3.625485,5828,120,5828,Strategy,2011,Strategy,Strategy,2-Jan-00,5,12,488
Shadows of Brimstone: Swamps of Death,Thematic,4.02847,2115,180,2115,Thematic,2014,Thematic,Thematic,1-Jan-00,4,12,489
Space Empires: 4X,Uncategorized,3.8309,2831,180,2831,Uncategorized,2011,Uncategorized,Uncategorized,1-Jan-00,4,12,490
Railroad Ink: Deep Blue Edition,Family,3.64768,5383,30,5383,Family,2018,Family,Family,1-Jan-00,6,8,491
Taluva,Strategy,3.588115,7532,45,7532,Strategy,2006,Strategy,Strategy,2-Jan-00,4,8,492
Smash Up: Awesome Level 9000,Strategy,3.636305,6341,45,6341,Strategy,2013,Strategy,Strategy,2-Jan-00,2,12,493
Las Vegas,Family,3.562155,8775,30,8775,Family,2012,Family,Family,2-Jan-00,5,8,494
Shakespeare,Strategy,3.72552,3663,90,3663,Strategy,2015,Strategy,Strategy,1-Jan-00,4,13,495
Pipeline,Strategy,3.878255,2399,120,2399,Strategy,2019,Strategy,Strategy,2-Jan-00,4,12,496
Imperial Settlers: Empires of the North,Strategy,3.838985,2687,90,2687,Strategy,2019,Strategy,Strategy,1-Jan-00,4,10,497
Time's Up!,Party,3.646825,4891,90,4891,Party,1999,Party,Party,4-Jan-00,18,12,498
Defenders of the Realm,Thematic,3.655695,5138,90,5138,Thematic,2010,Thematic,Thematic,1-Jan-00,4,13,499
Valeria: Card Kingdoms,Strategy,3.728865,3777,45,3777,Strategy,2016,Strategy,Strategy,1-Jan-00,5,13,500